loss type,time (min)
EMPIRICAL_TRAIN,0.08683161040147146
THEORETICAL,0.05204518828127119
EMPIRICAL_TEST,0.103703513873948
