# features,time (min)
1,0.07414509673913319
2,0.06649580438931783
3,0.07569673405753241
