# features,time (min)
1,0.06650721285078261
2,0.05909709778096941
3,0.1066824804411994
