# features,time (min)
1,0.07210259324974484
2,0.11271826174524095
