loss type,time (min)
EMPIRICAL_TRAIN,0.11157156725724539
THEORETICAL,0.06806220491727193
EMPIRICAL_TEST,0.13143006847964392
