loss type,time (min)
EMPIRICAL_TRAIN,0.13449683798684015
THEORETICAL,0.08758434295654297
EMPIRICAL_TEST,0.16040875911712646
