# features,time (min)
1,0.06774668037891388
2,0.0595696485042572
3,0.05970019439856211
