# features,time (min)
1,0.06621040165424347
2,0.04910624027252197
3,0.030653274522887335
