loss type,time (min)
EMPIRICAL_TRAIN,0.09778176142109765
THEORETICAL,0.06647608101367951
EMPIRICAL_TEST,0.11977749698691897
