loss type,time (min)
EMPIRICAL_TRAIN,0.08402615673012204
THEORETICAL,0.05758644163608551
EMPIRICAL_TEST,0.1105778713358773
