# features,time (min)
1,0.0733719989988539
2,0.05320067942142487
3,0.06224856449498071
