loss type,time (min)
EMPIRICAL_TRAIN,0.12371489663918812
THEORETICAL,0.07951726767751906
EMPIRICAL_TEST,0.15951496375931634
