loss type,time (min)
EMPIRICAL_TRAIN,0.12198831419150034
THEORETICAL,0.07387517677413093
EMPIRICAL_TEST,0.145145430498653
