# features,time (min)
1,0.0650989771551556
2,0.056145859758059184
3,0.05639779210090637
