loss type,time (min)
EMPIRICAL_TRAIN,0.11561649362246196
THEORETICAL,0.0774117593632804
EMPIRICAL_TEST,0.14776592102315692
