loss type,time (min)
EMPIRICAL_TRAIN,0.00100912782880995
THEORETICAL,0.0008994823031955295
EMPIRICAL_TEST,0.0016947119103537665
