loss type,time (min)
EMPIRICAL_TRAIN,0.14458106226391262
THEORETICAL,0.08747496836715274
EMPIRICAL_TEST,0.16573624849319457
