# features,time (min)
1,0.06864502747853597
2,0.054268519745932685
3,0.04660616517066955
