loss type,time (min)
EMPIRICAL_TRAIN,0.10968301322725084
THEORETICAL,0.07481299208270178
EMPIRICAL_TEST,0.13991954810089535
