loss type,time (min)
EMPIRICAL_TRAIN,0.12156983017921448
THEORETICAL,0.07638729247781965
EMPIRICAL_TEST,0.13733860989411673
