n,1 feature(s),2 feature(s)
2,0.0,0.0
4,0.13482142857142856,0.0035714285714285713
8,0.1525,0.00625
16,0.14866071428571428,0.010267857142857143
32,0.1496875,0.01
