# features,time (min)
1,0.07494933346907298
2,0.09748350375228458
