loss type,time (min)
EMPIRICAL_TRAIN,0.13952643407715692
THEORETICAL,0.08264036695162455
EMPIRICAL_TEST,0.17804675678412119
