# features,time (min)
1,0.06786730031172435
2,0.06721171882417466
3,0.07450621081723108
