loss type,time (min)
EMPIRICAL_TRAIN,0.11595626221762763
THEORETICAL,0.07183629466427698
EMPIRICAL_TEST,0.15177671889464062
