# features,time (min)
1,0.08153028402063582
2,0.06495604051484002
3,0.06613422685199313
