loss type,time (min)
EMPIRICAL_TRAIN,0.14725523279772865
THEORETICAL,0.09651332841979132
EMPIRICAL_TEST,0.1700642004277971
