# features,time (min)
1,0.05715142885843913
2,0.05971840222676596
