n,1 feature(s),2 feature(s)
2,0.0,0.0
4,0.1125,0.05357142857142857
8,0.145,0.0975
16,0.14642857142857144,0.11428571428571428
32,0.1596875,0.136875
