loss type,time (min)
EMPIRICAL_TRAIN,0.07589362859725952
THEORETICAL,0.06674090226491292
EMPIRICAL_TEST,0.11939743359883626
