# features,time (min)
1,0.06653498457537757
2,0.05616118907928467
3,0.054984171324306066
