loss type,time (min)
EMPIRICAL_TRAIN,0.11696882916821374
THEORETICAL,0.0787302616569731
EMPIRICAL_TEST,0.14261631925900778
