loss type,time (min)
EMPIRICAL_TRAIN,0.11448599066999224
THEORETICAL,0.07760242468780941
EMPIRICAL_TEST,0.14513107028272418
