# features,time (min)
1,0.07335110743840535
2,0.08917476740148332
