# features,time (min)
1,0.06381704873508877
2,0.06094962709479862
