loss type,time (min)
EMPIRICAL_TRAIN,0.0947124480538898
THEORETICAL,0.05578575458791521
EMPIRICAL_TEST,0.10154150307178497
