loss type,time (min)
EMPIRICAL_TRAIN,0.11930098685953353
THEORETICAL,0.08072407689359452
EMPIRICAL_TEST,0.14836205648051368
