# features,time (min)
1,0.06450696302784814
2,0.051626875201861065
3,0.06275701337390475
