loss type,time (min)
EMPIRICAL_TRAIN,0.12166230711672041
THEORETICAL,0.07480288121435377
EMPIRICAL_TEST,0.14682555456956228
