# features,time (min)
1,0.06612817684809368
2,0.04233771218193902
3,0.0442987628115548
