# features,time (min)
1,0.0665479705731074
2,0.06591198172834184
3,0.06704517265160878
