loss type,time (min)
EMPIRICAL_TRAIN,0.1370091356171502
THEORETICAL,0.08482439796129862
EMPIRICAL_TEST,0.15650616023275588
