loss type,time (min)
EMPIRICAL_TRAIN,0.09880784749984742
THEORETICAL,0.08609697818756103
EMPIRICAL_TEST,0.1596027890841166
