loss type,time (min)
EMPIRICAL_TRAIN,0.10162575549549527
THEORETICAL,0.06419238520993127
EMPIRICAL_TEST,0.12572153369585673
