# features,time (min)
1,0.1267653563287523
2,0.09046349730756548
3,0.23017625815338558
