# features,time (min)
1,0.06527557624710931
2,0.05790223962730832
