loss type,time (min)
EMPIRICAL_TRAIN,0.08670922398567199
THEORETICAL,0.05463774780432383
EMPIRICAL_TEST,0.10390522221724192
