# features,time (min)
1,0.06587880273660024
2,0.0517049558295144
