loss type,time (min)
EMPIRICAL_TRAIN,0.08438488463560741
THEORETICAL,0.05490105224980248
EMPIRICAL_TEST,0.09808449731932746
