loss type,time (min)
EMPIRICAL_TRAIN,0.13082328829500411
THEORETICAL,0.08018446266651154
EMPIRICAL_TEST,0.16327406492498187
