# features,time (min)
1,0.06655475636323294
2,0.058873174919022456
3,0.0821436615784963
