loss type,time (min)
EMPIRICAL_TRAIN,0.14353625218073526
THEORETICAL,0.09189169896973504
EMPIRICAL_TEST,0.16636012653509777
