# features,time (min)
1,4.770539784431458
2,5.329753283659617
