# features,time (min)
1,0.06690549320644802
2,0.054048095080587596
3,0.037683193816079034
