loss type,time (min)
EMPIRICAL_TRAIN,0.10431369139088524
THEORETICAL,0.06860182808505164
EMPIRICAL_TEST,0.12911364091767205
