loss type,time (min)
EMPIRICAL_TRAIN,0.11810775591267479
THEORETICAL,0.07434764835569593
EMPIRICAL_TEST,0.15225697696208954
