# features,time (min)
1,0.06646733091937171
2,0.058915207584698995
3,0.0889644518163469
