loss type,time (min)
EMPIRICAL_TRAIN,0.1509058047003216
THEORETICAL,0.09634983963436551
EMPIRICAL_TEST,0.16582679940594566
