# features,time (min)
1,0.08094981908798217
2,0.07224069039026897
3,0.07487290700276693
