loss type,time (min)
EMPIRICAL_TRAIN,0.13178494373957317
THEORETICAL,0.1179200291633606
EMPIRICAL_TEST,0.21416835784912108
