loss type,time (min)
EMPIRICAL_TRAIN,0.1114731337626775
THEORETICAL,0.07215531713432737
EMPIRICAL_TEST,0.1309787858194775
