# features,time (min)
1,0.07120171904563904
2,0.05076271805498335
3,0.05652956671184964
