# features,time (min)
1,0.06650493727789984
2,0.058873131275177
3,0.10058532330724929
