# features,time (min)
1,0.06233123977979024
2,0.054113848474290634
3,0.0508861376841863
