loss type,time (min)
EMPIRICAL_TRAIN,0.11277310954199897
THEORETICAL,0.0727919887834125
EMPIRICAL_TEST,0.13680252763960096
