# features,time (min)
1,0.07177684552139706
2,0.05940736247433556
3,0.036088560223579404
