# features,time (min)
1,0.06591257810592652
2,0.057215983602735734
3,0.05268625577290853
