loss type,time (min)
EMPIRICAL_TRAIN,0.11375840332772996
THEORETICAL,0.07570295631885529
EMPIRICAL_TEST,0.1459928548998303
