# features,time (min)
1,0.06589198463492923
2,0.05211857987774743
3,0.05992712630165948
