# features,time (min)
1,0.05092824300130208
2,0.04974947770436605
3,0.04956314563751221
