loss type,time (min)
EMPIRICAL_TRAIN,0.0868871529897054
THEORETICAL,0.07677145799001057
EMPIRICAL_TEST,0.14133330186208087
