# features,time (min)
1,0.06880429254637824
2,0.0603583425283432
3,0.05963621821668413
