loss type,time (min)
EMPIRICAL_TRAIN,0.12351491815514035
THEORETICAL,0.07951453427473704
EMPIRICAL_TEST,0.1586450148291058
