loss type,time (min)
EMPIRICAL_TRAIN,0.09050699770450592
THEORETICAL,0.05378073215484619
EMPIRICAL_TEST,0.09885447170999315
