# features,time (min)
1,0.06804260889689127
2,0.05989966346157922
3,0.06033265696631537
