loss type,time (min)
EMPIRICAL_TRAIN,0.12129128184583451
THEORETICAL,0.07857380814022488
EMPIRICAL_TEST,0.15728185408645207
