# features,time (min)
1,0.04598033825556437
2,0.04433922370274861
3,0.04501167138417562
