# features,time (min)
1,0.060413511594136556
2,0.05743632316589356
3,0.05685691833496093
