loss type,time (min)
EMPIRICAL_TRAIN,0.12163134846422408
THEORETICAL,0.07624408026536306
EMPIRICAL_TEST,0.1454574629995558
