# features,time (min)
1,0.06661291546291775
2,0.06199102858702342
