loss type,time (min)
EMPIRICAL_TRAIN,0.08971302224530114
THEORETICAL,0.05563293013307783
EMPIRICAL_TEST,0.11274011380142636
