# features,time (min)
1,0.07559256553649903
2,0.06754716634750367
3,0.07168367306391397
