loss type,time (min)
EMPIRICAL_TRAIN,0.12304778893788655
THEORETICAL,0.10838207801183064
EMPIRICAL_TEST,0.20127458572387694
