# features,time (min)
1,0.06609176105923123
2,0.05024887124697367
3,0.051753520170847576
