loss type,time (min)
EMPIRICAL_TRAIN,0.1104820536242591
THEORETICAL,0.07136389560169644
EMPIRICAL_TEST,0.14024369491471184
