loss type,time (min)
EMPIRICAL_TRAIN,0.07682674898041619
THEORETICAL,0.04708986520767212
EMPIRICAL_TEST,0.09375129348701901
