# features,time (min)
1,4.69677795569102
2,5.2758599360783895
