loss type,time (min)
EMPIRICAL_TRAIN,7.936232868830363
THEORETICAL,4.563022605578105
EMPIRICAL_TEST,8.022858083248138
