# features,time (min)
1,0.06609150985876719
2,0.05820529017183516
