loss type,time (min)
EMPIRICAL_TRAIN,0.08772415194246504
THEORETICAL,0.05629315382904477
EMPIRICAL_TEST,0.10997304717699687
