loss type,time (min)
EMPIRICAL_TRAIN,0.12472001711527506
THEORETICAL,0.10988515615463257
EMPIRICAL_TEST,0.20166188081105552
