# features,time (min)
1,0.06628313925531175
2,0.04465202516979641
