loss type,time (min)
EMPIRICAL_TRAIN,0.07804920739597744
THEORETICAL,0.050940024918980066
EMPIRICAL_TEST,0.09651848885748121
