# features,time (min)
1,0.0683602817191018
2,0.05621561235851712
3,0.043495408958858915
