loss type,time (min)
EMPIRICAL_TRAIN,0.3726282540957133
THEORETICAL,0.20374222894509633
EMPIRICAL_TEST,0.30701395001676346
