loss type,time (min)
EMPIRICAL_TRAIN,0.12038577775160472
THEORETICAL,0.0810217140118281
EMPIRICAL_TEST,0.1543508721722497
