loss type,time (min)
EMPIRICAL_TRAIN,0.11773234513070849
THEORETICAL,0.0738248763481776
EMPIRICAL_TEST,0.14071820788913303
