loss type,time (min)
EMPIRICAL_TRAIN,7.249216938018799
THEORETICAL,4.786495236555735
EMPIRICAL_TEST,9.056498897075652
