n,1 feature(s),2 feature(s)
2,0.2519803693653208,0.42249707614934207
4,0.20647418212890625,0.3119599028900787
8,0.1800685232559703,0.23318579889112903
16,0.16969557542067307,0.19188670843419894
32,0.16449265252976192,0.1727106735370632
64,0.16158009303435114,0.163916015625
128,0.16001989127304148,0.15922053470881595
256,0.15919931449142158,0.15727120535714287
512,0.15864025297619047,0.1562344990079365
1024,0.1585479736328125,0.155783203125
