n,1 feature(s),2 feature(s)
2,0.0,0.0
4,0.119,0.059984375
8,0.14106026785714285,0.10428571428571429
16,0.1483359375,0.127734375
32,0.15306361607142857,0.14108816964285714
64,0.1555,0.14764453125
128,0.1574609375,0.15190011160714287
256,0.157724609375,0.153333984375
512,0.15792689732142856,0.15382533482142857
1024,0.158267578125,0.1547548828125
