loss type,time (min)
EMPIRICAL_TRAIN,8.128216834863027
THEORETICAL,5.176866968472798
EMPIRICAL_TEST,9.971845996379853
