loss type,time (min)
EMPIRICAL_TRAIN,0.12449063592486911
THEORETICAL,0.07278759459654491
EMPIRICAL_TEST,0.15471279972129398
