# features,time (min)
1,0.048399364948272704
2,0.04715958833694458
3,0.04781587918599446
