loss type,time (min)
EMPIRICAL_TRAIN,0.08199589649836223
THEORETICAL,0.0712798277537028
EMPIRICAL_TEST,0.1347683827082316
