# features,time (min)
1,4.944432437419891
2,6.154085195064544
