n,1 feature(s),2 feature(s)
2,0.1883487943691068,0.28322798201432237
4,0.18513370518882996,0.2596855172462875
8,0.17793693728474616,0.22248298353926685
16,0.16938492789831777,0.19137951753808824
32,0.16442952566351665,0.17268412289644197
64,0.16178056042173522,0.16424948121609312
128,0.16013041079222293,0.15949465024315904
256,0.15940402182614258,0.15740034584128762
512,0.15902240951497731,0.15641401179609035
1024,0.15885210151955462,0.1559881817415565
