# features,time (min)
1,0.06660436888535817
2,0.05745015641053518
3,0.06312566260496776
