# features,time (min)
1,0.06296082675457
2,0.04359488209088643
