# features,time (min)
1,0.07158702320522732
2,0.06336203349961175
3,0.07474144081274668
