# features,time (min)
1,0.04974350929260254
2,0.04887397686640421
