loss type,time (min)
EMPIRICAL_TRAIN,0.06242840687433879
THEORETICAL,0.055234066645304364
EMPIRICAL_TEST,0.10329630772272745
