loss type,time (min)
EMPIRICAL_TRAIN,0.15119808177153268
THEORETICAL,0.0863862454228931
EMPIRICAL_TEST,0.17287223723199632
