loss type,time (min)
EMPIRICAL_TRAIN,0.1266190905041165
THEORETICAL,0.08687833044264051
EMPIRICAL_TEST,0.15645658049318525
