# features,time (min)
1,0.07595821532938216
2,0.06561705741617414
3,0.06214190350638495
