loss type,time (min)
EMPIRICAL_TRAIN,0.1303127423922221
THEORETICAL,0.0843052218357722
EMPIRICAL_TEST,0.17478394839498732
