# features,time (min)
1,0.06746366176340315
2,0.047725510597229
