loss type,time (min)
EMPIRICAL_TRAIN,0.0806595993704266
THEORETICAL,0.05025445885128445
EMPIRICAL_TEST,0.10429477347267999
