loss type,time (min)
EMPIRICAL_TRAIN,0.1309718069765303
THEORETICAL,0.08198979629410638
EMPIRICAL_TEST,0.14707854164971246
