loss type,time (min)
EMPIRICAL_TRAIN,0.09880961577097574
THEORETICAL,0.08675127824147542
EMPIRICAL_TEST,0.1645606517791748
