# features,time (min)
1,0.06714398947026995
2,0.059058203630977205
3,0.06304581496450636
