# features,time (min)
1,0.06820926361613804
2,0.06392959005302853
3,0.06589929567443
