loss type,time (min)
EMPIRICAL_TRAIN,0.1305987893872791
THEORETICAL,0.08626993868086073
EMPIRICAL_TEST,0.16345684117741055
