# features,time (min)
1,0.06766244325372908
2,0.05693880246745216
3,0.055002657572428386
