# features,time (min)
1,0.06610140522321065
2,0.05850555267598894
3,0.07583227819866604
