loss type,time (min)
EMPIRICAL_TRAIN,0.13368993335300022
THEORETICAL,0.08847827037175496
EMPIRICAL_TEST,0.16281611429320442
