# features,time (min)
1,0.0695341612233056
2,0.061563868588871425
3,0.07676950130197736
