loss type,time (min)
EMPIRICAL_TRAIN,0.13648609101772308
THEORETICAL,0.0887581537829505
EMPIRICAL_TEST,0.17307976292239294
