loss type,time (min)
EMPIRICAL_TRAIN,0.1069837290710873
THEORETICAL,0.07137896107302771
EMPIRICAL_TEST,0.14068288359377118
