# features,time (min)
1,9.95514688094457
2,1.7480870564778646
3,1.8615482767422995
