loss type,time (min)
EMPIRICAL_TRAIN,13.09365268945694
THEORETICAL,12.067781138420106
EMPIRICAL_TEST,12.539189823468528
