# features,time (min)
1,0.05775907834370931
2,0.05564455191294353
3,0.05563322305679321
