# features,time (min)
1,0.06443876372443305
2,0.05616735557715098
3,0.03927188045448727
