loss type,time (min)
EMPIRICAL_TRAIN,0.10100566513008541
THEORETICAL,0.07119055800967747
EMPIRICAL_TEST,0.13795797824859618
