# features,time (min)
1,0.06611117151048448
2,0.0536795652574963
3,0.04709685689873166
