# features,time (min)
1,0.06588350123829312
2,0.044165852268536886
3,0.04527618500921461
