loss type,time (min)
EMPIRICAL_TRAIN,0.10501872897148132
THEORETICAL,0.06495908737182617
EMPIRICAL_TEST,0.12792694826920828
