# features,time (min)
1,0.08255811750888825
2,0.06604817198382483
