loss type,time (min)
EMPIRICAL_TRAIN,0.10781895220279694
THEORETICAL,0.06810231811470456
EMPIRICAL_TEST,0.12706764029131995
