# features,time (min)
1,0.07334166367848714
2,0.06611173186037275
3,0.07319039550092485
