# features,time (min)
1,0.06525512569480472
2,0.05324994583924612
3,0.05504394703441196
