# features,time (min)
1,0.0786222842004564
2,0.05137183480792575
3,0.062343549927075706
