# features,time (min)
1,0.07170612275600434
2,0.058643308877944944
3,0.042996110982365075
