loss type,time (min)
EMPIRICAL_TRAIN,0.10864616254965465
THEORETICAL,0.07383010552989112
EMPIRICAL_TEST,0.14939892590045928
