# features,time (min)
1,0.07167013181580438
2,0.06305823279751671
3,0.06835239768028259
