# features,time (min)
1,0.07576442042986552
2,0.07466762767897712
