loss type,time (min)
EMPIRICAL_TRAIN,0.11286566151512993
THEORETICAL,0.06792857110500336
EMPIRICAL_TEST,0.12709381368425157
