loss type,time (min)
EMPIRICAL_TRAIN,0.13824218107594385
THEORETICAL,0.09098765578534868
EMPIRICAL_TEST,0.17504342913627624
