# features,time (min)
1,0.07076196332772573
2,0.06137692968050639
3,0.06157703121503194
