loss type,time (min)
EMPIRICAL_TRAIN,0.1370930455128352
THEORETICAL,0.08065975937578414
EMPIRICAL_TEST,0.15220923721790314
