# features,time (min)
1,0.07139230655299293
2,0.0626001634200414
3,0.055672424700525074
