loss type,time (min)
EMPIRICAL_TRAIN,0.12325544695059458
THEORETICAL,0.07571905354658763
EMPIRICAL_TEST,0.15821939614084032
