# features,time (min)
1,0.04776573181152344
2,0.046761294205983475
