n,1 feature(s),2 feature(s)
2,0.0,0.0
4,0.12767857142857142,0.025
8,0.1525,0.044375
16,0.15580357142857143,0.05223214285714286
32,0.1621875,0.064375
