loss type,time (min)
EMPIRICAL_TRAIN,0.05917501052220663
THEORETICAL,0.05286576350529989
EMPIRICAL_TEST,0.0994090477625529
