loss type,time (min)
EMPIRICAL_TRAIN,0.07612821261088053
THEORETICAL,0.06737966537475587
EMPIRICAL_TEST,0.12781920433044433
