loss type,time (min)
EMPIRICAL_TRAIN,0.129189110994339
THEORETICAL,0.08910213073094686
EMPIRICAL_TEST,0.16508562180731032
