# features,time (min)
1,0.06741283039251963
2,0.06522066129578484
3,0.0649192210038503
