loss type,time (min)
EMPIRICAL_TRAIN,0.13427889711327023
THEORETICAL,0.07872608529196845
EMPIRICAL_TEST,0.16572420861985948
