loss type,time (min)
EMPIRICAL_TRAIN,0.12797401739491357
THEORETICAL,0.07332410467995537
EMPIRICAL_TEST,0.1481738410393397
