# features,time (min)
1,0.07032906783951653
2,0.045194775329695805
