loss type,time (min)
EMPIRICAL_TRAIN,0.08273671785990397
THEORETICAL,0.05394720812638601
EMPIRICAL_TEST,0.0991817142566045
