# features,time (min)
1,0.07965095619360606
2,0.0575113535589642
3,0.0631669035885069
