loss type,time (min)
EMPIRICAL_TRAIN,0.11626121143500011
THEORETICAL,0.0772473865085178
EMPIRICAL_TEST,0.15098924517631532
