# features,time (min)
1,0.07405250979794396
2,0.10818422396977742
