loss type,time (min)
EMPIRICAL_TRAIN,0.14130686130788592
THEORETICAL,0.08683004829618667
EMPIRICAL_TEST,0.1501822076903449
