# features,time (min)
1,0.06619590202967326
2,0.055764967269367645
3,0.057492412130037945
