# features,time (min)
1,0.06602999362680648
2,0.056174089246326026
3,0.0570560904343923
