# features,time (min)
1,0.06585735857486724
2,0.05828094065189362
3,0.05508970459302266
