loss type,time (min)
EMPIRICAL_TRAIN,0.11522484944926367
THEORETICAL,0.07682498123910692
EMPIRICAL_TEST,0.14788870288266076
