# features,time (min)
1,0.06319007045692868
2,0.061682206988334654
