loss type,time (min)
EMPIRICAL_TRAIN,0.08844202465481228
THEORETICAL,0.05630565994315677
EMPIRICAL_TEST,0.10508490019374424
