# features,time (min)
1,0.07567026264137693
2,0.08313557724157969
