loss type,time (min)
EMPIRICAL_TRAIN,0.12046697636445364
THEORETICAL,0.06772261063257853
EMPIRICAL_TEST,0.13636217772960663
