loss type,time (min)
EMPIRICAL_TRAIN,7.614822828769684
THEORETICAL,4.786579306920369
EMPIRICAL_TEST,9.822461370627085
