# features,time (min)
1,0.06736101117399004
2,0.059447007642851935
3,0.058571874764230515
