# features,time (min)
1,0.06602440807554456
2,0.053283636106385125
