loss type,time (min)
EMPIRICAL_TRAIN,0.08307934350437589
THEORETICAL,0.05338725970851051
EMPIRICAL_TEST,0.10500838802920448
