# features,time (min)
1,4.403072945276896
2,3.722267742951711
3,3.5789347489674888
