# features,time (min)
1,0.06525275660885704
2,0.05585166381465064
