# features,time (min)
1,0.07719846963882447
2,0.06787025928497314
3,0.07068587938944498
