# features,time (min)
1,0.06663215961721208
2,0.05887247105439504
3,0.07982713937759399
