# features,time (min)
1,4.342270112037658
2,5.531474208831787
