loss type,time (min)
EMPIRICAL_TRAIN,7.517176560560862
THEORETICAL,4.983535595734915
EMPIRICAL_TEST,8.024653486410777
