# features,time (min)
1,0.06679613173007964
2,0.06283457299073537
