loss type,time (min)
EMPIRICAL_TRAIN,0.0943547883298662
THEORETICAL,0.051757371226946514
EMPIRICAL_TEST,0.1130372863345676
