# features,time (min)
1,0.06238000445895725
2,0.059264600806766085
