# features,time (min)
1,0.0654344305064943
2,0.057626472247971426
3,0.05288228319750892
