# features,time (min)
1,0.0008119126823213365
2,0.0008035780323876275
