loss type,time (min)
EMPIRICAL_TRAIN,0.12147216969066196
THEORETICAL,0.07987840526633792
EMPIRICAL_TEST,0.15818991780281066
