# features,time (min)
1,0.06947828829288483
2,0.06110339469379849
3,0.0644137516286638
