loss type,time (min)
EMPIRICAL_TRAIN,0.1288642681307263
THEORETICAL,0.08321303082836999
EMPIRICAL_TEST,0.16218893170356752
