loss type,time (min)
EMPIRICAL_TRAIN,0.14799744500054254
THEORETICAL,0.08164993266264597
EMPIRICAL_TEST,0.14926201118363275
