# features,time (min)
1,0.06494754857487149
2,0.05691230012310876
3,0.0543599925438563
