loss type,time (min)
EMPIRICAL_TRAIN,0.1167985110812717
THEORETICAL,0.08066641860538058
EMPIRICAL_TEST,0.14385671695073446
