# features,time (min)
1,0.07031702035003239
2,0.06199599299165938
3,0.06015461398495568
