loss type,time (min)
EMPIRICAL_TRAIN,0.08385270522700415
THEORETICAL,0.051442919241057504
EMPIRICAL_TEST,0.10702856765853035
