# features,time (min)
1,0.046549848715464276
2,0.045626389980316165
3,0.04565901756286621
