loss type,time (min)
EMPIRICAL_TRAIN,0.07784018516540527
THEORETICAL,0.06830391486485798
EMPIRICAL_TEST,0.12965453068415322
