loss type,time (min)
EMPIRICAL_TRAIN,0.11985799696710375
THEORETICAL,0.07681792967849307
EMPIRICAL_TEST,0.15279672258430058
