loss type,time (min)
EMPIRICAL_TRAIN,0.13809939755333794
THEORETICAL,0.08997368243005541
EMPIRICAL_TEST,0.16646835260921056
