# features,time (min)
1,0.07028188175625272
2,0.06200748940308889
3,0.06572027915053898
