# features,time (min)
1,0.06855733388000064
2,0.05616594639089372
3,0.057920488185352746
