loss type,time (min)
EMPIRICAL_TRAIN,0.1342465835147434
THEORETICAL,0.08866163975662655
EMPIRICAL_TEST,0.16969377948178185
