# features,time (min)
1,0.06989611645539602
2,0.05338759826289283
3,0.055119649171829224
