# features,time (min)
1,8.798762055238088
2,12.60561632712682
