loss type,time (min)
EMPIRICAL_TRAIN,18.038139446576437
THEORETICAL,9.486370436350505
EMPIRICAL_TEST,17.387203439076742
