# features,time (min)
1,0.06831880827744802
2,0.05518266095055474
3,0.04533738944265577
