loss type,time (min)
EMPIRICAL_TRAIN,0.11324616365962559
THEORETICAL,0.07454182035393185
EMPIRICAL_TEST,0.14183722701337603
