# features,time (min)
1,4.1617775400479635
2,3.2973856409390767
