loss type,time (min)
EMPIRICAL_TRAIN,5.366430151462555
THEORETICAL,3.4417182842890424
EMPIRICAL_TEST,6.619588450590769
