# features,time (min)
1,0.06738109628359477
2,0.05713823636372884
3,0.05884268230862088
