# features,time (min)
1,4.391820939381917
2,4.427530713876089
