loss type,time (min)
EMPIRICAL_TRAIN,6.234178086121877
THEORETICAL,4.151145986715952
EMPIRICAL_TEST,7.78944573799769
