# features,time (min)
1,0.0676773116323683
2,0.05128655129008823
