loss type,time (min)
EMPIRICAL_TRAIN,0.16507193598482345
THEORETICAL,0.10323920879099104
EMPIRICAL_TEST,0.18999341236220466
