# features,time (min)
1,0.0655028004778756
2,0.05336677577760485
3,0.04161084042655097
