loss type,time (min)
EMPIRICAL_TRAIN,0.15580935517946878
THEORETICAL,0.09918916629420386
EMPIRICAL_TEST,0.18302294704649183
