loss type,time (min)
EMPIRICAL_TRAIN,0.11280059291256798
THEORETICAL,0.07144510878456964
EMPIRICAL_TEST,0.1434048448006312
