loss type,time (min)
EMPIRICAL_TRAIN,0.1335826873779297
THEORETICAL,0.07899644520547655
EMPIRICAL_TEST,0.14510612308979035
