# features,time (min)
1,0.0703159616390864
2,0.053324623240364924
3,0.05731104360686408
