loss type,time (min)
EMPIRICAL_TRAIN,0.12265454093615213
THEORETICAL,0.07939895828564962
EMPIRICAL_TEST,0.15135999255710178
