# features,time (min)
1,0.06918077879481846
2,0.05716045227315691
3,0.05228158864710066
