loss type,time (min)
EMPIRICAL_TRAIN,0.12504376259115008
THEORETICAL,0.07452621539433797
EMPIRICAL_TEST,0.14425584759977128
