# features,time (min)
1,0.0668115081389745
2,0.05684402088324229
