# features,time (min)
1,0.0007772758934232924
2,0.0007877425352732341
