n,1 feature(s),2 feature(s)
2,0.0,0.0
4,0.12232142857142857,0.048214285714285716
8,0.1475,0.0925
16,0.153125,0.11116071428571428
32,0.1653125,0.1378125
