loss type,time (min)
EMPIRICAL_TRAIN,0.0009802903731664023
THEORETICAL,0.0008744872278637357
EMPIRICAL_TEST,0.0016643721527523465
